dataset	method	n	rmse_mean	rmse_var	rmse_min	score_mean	score_var	score_min
FD001	F	10	14.1333012581	0.2467933950	13.1681432724	342.8312713623	1801.2625834624	275.9438781738
FD002	F	10	13.2532615662	0.0788578646	12.7092523575	988.3957763672	9424.5934250863	850.3304443359
FD003	F	10	15.2819832802	0.3459852180	14.2779550552	1219.8731689453	32384.3608244926	894.5797119141
FD004	F	10	17.2075563431	0.0725934083	16.8593578339	1834.1090332031	55777.0748609328	1400.6003417969
