{
  "records_count": 240,
  "missing_count": 0,
  "missing": [],
  "summary": {
    "FD001_A": {
      "n": 10,
      "rmse_mean": 14.552327156066895,
      "rmse_var": 0.3507752083785817,
      "rmse_min": 13.148003578186035,
      "score_mean": 367.50086364746096,
      "score_var": 3957.9128483247105,
      "score_min": 281.0731201171875
    },
    "FD001_B": {
      "n": 10,
      "rmse_mean": 14.242716789245605,
      "rmse_var": 0.417013372884503,
      "rmse_min": 13.392162322998047,
      "score_mean": 344.9068908691406,
      "score_var": 1219.780553249456,
      "score_min": 304.407958984375
    },
    "FD001_C": {
      "n": 10,
      "rmse_mean": 15.008425998687745,
      "rmse_var": 1.3521575560415022,
      "rmse_min": 13.879120826721191,
      "score_mean": 418.3791198730469,
      "score_var": 12086.341110069678,
      "score_min": 297.03125
    },
    "FD001_D": {
      "n": 10,
      "rmse_mean": 14.1674334526062,
      "rmse_var": 0.37382837279529674,
      "rmse_min": 13.36038875579834,
      "score_mean": 345.94240112304686,
      "score_var": 2889.5614738265426,
      "score_min": 268.6666564941406
    },
    "FD001_E": {
      "n": 10,
      "rmse_mean": 16.659266853332518,
      "rmse_var": 0.5488285159730732,
      "rmse_min": 15.695221900939941,
      "score_mean": 730.7228210449218,
      "score_var": 16650.185817000307,
      "score_min": 613.7205200195312
    },
    "FD001_F": {
      "n": 10,
      "rmse_mean": 14.133301258087158,
      "rmse_var": 0.2467933949732924,
      "rmse_min": 13.168143272399902,
      "score_mean": 342.8312713623047,
      "score_var": 1801.2625834624184,
      "score_min": 275.9438781738281
    },
    "FD002_A": {
      "n": 10,
      "rmse_mean": 13.408009147644043,
      "rmse_var": 0.07818632505881398,
      "rmse_min": 12.992424011230469,
      "score_mean": 907.1589904785156,
      "score_var": 2591.663348275013,
      "score_min": 833.968505859375
    },
    "FD002_B": {
      "n": 10,
      "rmse_mean": 13.257874584197998,
      "rmse_var": 0.13262255792350514,
      "rmse_min": 12.834406852722168,
      "score_mean": 984.0568725585938,
      "score_var": 12373.150416220578,
      "score_min": 833.0857543945312
    },
    "FD002_C": {
      "n": 10,
      "rmse_mean": 13.57852087020874,
      "rmse_var": 0.2647004003266284,
      "rmse_min": 12.479790687561035,
      "score_mean": 984.7100524902344,
      "score_var": 23801.685399641283,
      "score_min": 743.8377075195312
    },
    "FD002_D": {
      "n": 10,
      "rmse_mean": 13.599612426757812,
      "rmse_var": 0.1683006456898147,
      "rmse_min": 13.107662200927734,
      "score_mean": 996.3147094726562,
      "score_var": 15403.250319067238,
      "score_min": 814.3164672851562
    },
    "FD002_E": {
      "n": 10,
      "rmse_mean": 35.790131378173825,
      "rmse_var": 1.1313841819670052,
      "rmse_min": 33.78955078125,
      "score_mean": 59513.861328125,
      "score_var": 405665357.83241653,
      "score_min": 37912.17578125
    },
    "FD002_F": {
      "n": 10,
      "rmse_mean": 13.25326156616211,
      "rmse_var": 0.07885786460628878,
      "rmse_min": 12.70925235748291,
      "score_mean": 988.3957763671875,
      "score_var": 9424.593425086288,
      "score_min": 850.3304443359375
    },
    "FD003_A": {
      "n": 10,
      "rmse_mean": 14.848642349243164,
      "rmse_var": 0.11982119459917158,
      "rmse_min": 14.275854110717773,
      "score_mean": 1033.9005432128906,
      "score_var": 44116.13951125536,
      "score_min": 743.2193603515625
    },
    "FD003_B": {
      "n": 10,
      "rmse_mean": 15.457717895507812,
      "rmse_var": 0.10295671206513361,
      "rmse_min": 14.976982116699219,
      "score_mean": 1300.1508056640625,
      "score_var": 27909.953206259604,
      "score_min": 1028.8046875
    },
    "FD003_C": {
      "n": 10,
      "rmse_mean": 17.032991695404053,
      "rmse_var": 0.9521887978255199,
      "rmse_min": 15.683430671691895,
      "score_mean": 1356.7983032226562,
      "score_var": 15930.520496049672,
      "score_min": 1150.984375
    },
    "FD003_D": {
      "n": 10,
      "rmse_mean": 14.57997636795044,
      "rmse_var": 0.17528987190126827,
      "rmse_min": 14.105318069458008,
      "score_mean": 989.4106079101563,
      "score_var": 27936.366200516524,
      "score_min": 750.9403076171875
    },
    "FD003_E": {
      "n": 10,
      "rmse_mean": 15.719408798217774,
      "rmse_var": 0.3981867118047012,
      "rmse_min": 14.987661361694336,
      "score_mean": 1081.9264831542969,
      "score_var": 138148.82082988563,
      "score_min": 707.7030029296875
    },
    "FD003_F": {
      "n": 10,
      "rmse_mean": 15.281983280181885,
      "rmse_var": 0.34598521802153304,
      "rmse_min": 14.277955055236816,
      "score_mean": 1219.8731689453125,
      "score_var": 32384.360824492574,
      "score_min": 894.5797119140625
    },
    "FD004_A": {
      "n": 10,
      "rmse_mean": 18.158161163330078,
      "rmse_var": 0.41707524642915816,
      "rmse_min": 17.02749252319336,
      "score_mean": 2300.9609619140624,
      "score_var": 399087.3959720188,
      "score_min": 1674.332275390625
    },
    "FD004_B": {
      "n": 10,
      "rmse_mean": 17.426012992858887,
      "rmse_var": 0.1167309695332733,
      "rmse_min": 16.762332916259766,
      "score_mean": 1941.95390625,
      "score_var": 106065.95154570998,
      "score_min": 1516.400634765625
    },
    "FD004_C": {
      "n": 10,
      "rmse_mean": 18.709551048278808,
      "rmse_var": 1.33455014262614,
      "rmse_min": 17.394033432006836,
      "score_mean": 2598.4029541015625,
      "score_var": 535615.5460342675,
      "score_min": 1683.569091796875
    },
    "FD004_D": {
      "n": 10,
      "rmse_mean": 17.961707878112794,
      "rmse_var": 0.13471303986330893,
      "rmse_min": 17.41558074951172,
      "score_mean": 2042.269140625,
      "score_var": 47642.83408408701,
      "score_min": 1717.2115478515625
    },
    "FD004_E": {
      "n": 10,
      "rmse_mean": 39.97047576904297,
      "rmse_var": 0.8824527697061422,
      "rmse_min": 38.81355285644531,
      "score_mean": 108294.85625,
      "score_var": 377512960.06286865,
      "score_min": 79862.28125
    },
    "FD004_F": {
      "n": 10,
      "rmse_mean": 17.207556343078615,
      "rmse_var": 0.07259340829335999,
      "rmse_min": 16.859357833862305,
      "score_mean": 1834.109033203125,
      "score_var": 55777.07486093283,
      "score_min": 1400.600341796875
    }
  }
}